{
    "Model": "{\"0\":\"Naive Bayes\",\"1\":\"Random Forest\",\"2\":\"xgboost\",\"3\":\"lightGBM\"}",
    "Cross_Val_Scores": "{\"0\":[0.815743582,0.8163527739,0.8163800192,0.815668969,0.8155661695],\"1\":[0.8291648723,0.8231899905,0.8299804084,0.8295117213,0.8292389911],\"2\":[0.8450553092,0.8453902194,0.8452932594,0.8447555941,0.844033578],\"3\":[0.8479706981,0.8485271802,0.848414944,0.8479910162,0.8475914843]}",
    "Mean_Cross_Val": "{\"0\":0.8159423027,\"1\":0.8282171967,\"2\":0.844905592,\"3\":0.8480990646}"
}