{
    "Model": "{\"0\":\"Logistic Regression with l2 regularization\",\"1\":\"Logistic Regression with l1 regularization\",\"2\":\"Logistic Regression with elastic net regularization\",\"3\":\"Linear Discriminant Analysis\",\"4\":\"Quadratic Discriminant Analysis\",\"5\":\"Decision Tree\",\"6\":\"Naive Bayes\",\"7\":\"Random Forest\",\"8\":\"xgboost\",\"9\":\"lightGBM\"}",
    "Cross_Val_Scores": "{\"0\":[0.8150353307,0.815895137,0.8149954372,0.8156112618,0.8144487113],\"1\":[0.8150316418,0.8158934887,0.8150006373,0.8156067554,0.8144509001],\"2\":[0.8150316418,0.8158906309,0.8149999538,0.8156075784,0.8144487113],\"3\":[0.8080747984,0.8082776945,0.8075324614,0.8079521689,0.8067105489],\"4\":[0.746683704,0.7582392915,0.8001163377,0.7499824027,0.7353275162],\"5\":[0.8133375454,0.8146331433,0.8125206141,0.8130407023,0.8123614523],\"6\":[0.8161542349,0.8174003667,0.8152975476,0.8157662249,0.8160820382],\"7\":[0.8297997723,0.831237697,0.8290435025,0.8292069923,0.8130298238],\"8\":[0.8447963784,0.8467845954,0.8445150832,0.8451419708,0.8437262641],\"9\":[0.847997362,0.8492583228,0.8475529205,0.8480039654,0.8474006519]}",
    "Mean_Cross_Val": "{\"0\":0.8151971756,\"1\":0.8151966847,\"2\":0.8151957032,\"3\":0.8077095344,\"4\":0.7580698504,\"5\":0.8131786915,\"6\":0.8161400825,\"7\":0.8264635576,\"8\":0.8449928584,\"9\":0.8480426445}"
}